Treatment	Actual_Score	Z_Score	P_Value
Li	2	1.236477458941374	0.21237876212378762
Zn	2	1.3211530287585425	0.19618038196180382
Li+Zn Combo	4	3.4336830723423053	0.0103989601039896
