Treatment	Actual_Score	Z_Score	P_Value
Li	2	1.2394231511311269	0.208979102089791
Zn	2	1.327353463099592	0.1934806519348065
Li+Zn Combo	4	3.4255474145249476	0.010498950104989501
