Dataset	Signature_Length	Li_Z	Li_P	Zn_Z	Zn_P	Combo_Z	Combo_P
GSE90594	100	-1.425063222606949	0.9415058494150585	-0.7076665725398597	0.7444255574442555	0.30699104110714315	0.34996500349965004
GSE90594	300	-3.010928037082807	0.9996000399960004	-0.7961976429481674	0.775922407759224	0.450389507892781	0.31766823317668236
GSE90594	500	-3.141464815179384	1.0	-1.3704659263834909	0.9202079792020798	0.9145447863671783	0.18138186181381863
GSE36169	100	-1.627930256010796	0.9966003399660034	-0.56338896195482	0.6658334166583342	-0.6730428487976583	0.7186281371862814
GSE36169	300	-1.8416150213916722	0.9888011198880112	-1.2023711714301384	0.8992100789921008	-0.46994508659324813	0.6551344865513449
GSE36169	500	-2.184075419646979	0.9953004699530047	-2.03518570972784	0.9907009299070093	-1.0041853085722858	0.8434156584341566
GSE66663	100	6.5449060922626385	9.999000099990002e-05	4.587953098882449	0.00029997000299970003	14.218490835037636	9.999000099990002e-05
GSE66663	300	7.438755383262947	9.999000099990002e-05	6.423084283225577	9.999000099990002e-05	19.231703708939737	9.999000099990002e-05
GSE66663	500	6.627192420994211	9.999000099990002e-05	7.7478723174038375	9.999000099990002e-05	21.69523336256147	9.999000099990002e-05
