Treatment	Actual_Weighted_Score	Z_Score	P_Value
Li	5.118648716500001	3.0588931348803827	0.014198580141985802
Zn	8.127947493722223	5.727180055876088	0.0006999300069993001
Li+Zn Combo	13.246596210222224	9.791242790974458	9.999000099990002e-05
