Treatment	Actual_Weighted_Score	Z_Score	P_Value
Li	2.5714295971089007	2.6782232400023385	0.025297470252974703
Zn	1.0415672193387522	0.8355741213711531	0.11598840115988401
Li+Zn Combo	3.612996816447653	3.9906991348795904	0.0170982901709829
